{"noiseKey":{"private":{"type":"Buffer","data":"aIBHodPaQfWXtQzb4aOhbRqPeuqy4Knb80PLX6dp1lk="},"public":{"type":"Buffer","data":"z4GFTX8c8X6v/se0fndFJInmyj+tWhKjhsCGbevb/Uk="}},"pairingEphemeralKeyPair":{"private":{"type":"Buffer","data":"kP4VtyxqDGDpfLxFb/QUQ14sECM0c5bSRmqRmhmgZH0="},"public":{"type":"Buffer","data":"zm1ltVfCZZ95EwPZgDOlcUK9sW8UlHs8jmKS6oquTzI="}},"signedIdentityKey":{"private":{"type":"Buffer","data":"aOYumT5E4urxveEMIYJYUFA+zzKLq3bKZSjnQXS2lGU="},"public":{"type":"Buffer","data":"m1o2mHHib1wNo6rkaY9GimNMdYWasZvRKJZcIeAbL10="}},"signedPreKey":{"keyPair":{"private":{"type":"Buffer","data":"AAdCyoo7/XKzEeKk2tBGTXfB7y0udrRBxsTUL0YVHEo="},"public":{"type":"Buffer","data":"/FUmzeW3oL+t3WR050Nn5oL2zlMBmg5t7noBNpFEnyc="}},"signature":{"type":"Buffer","data":"2AvuOGk1Fn5NvQK1g2mROnjEDmtY2OnajaK1xe55/HQjl0gtqydSQrtTBkRufl6mF/5ExLwS9t37zjhlx3JJBA=="},"keyId":1},"registrationId":137,"advSecretKey":"z8telKyEdD6xm84AW6PJeMu9xfMfkQkubQmlNtXr/LQ=","processedHistoryMessages":[],"nextPreKeyId":31,"firstUnuploadedPreKeyId":31,"accountSyncCounter":0,"accountSettings":{"unarchiveChats":false},"deviceId":"nrpDfsuBTFSCHOa1pFvhOQ","phoneId":"94c01fcf-8227-4f86-b7c0-e59f1b4e4e59","identityId":{"type":"Buffer","data":"UqKqRv5htDvhgk7lWSOq54ILUwE="},"registered":false,"backupToken":{"type":"Buffer","data":"Yh46sKoFuuYJR1bVuUUt1+SrLGc="},"registration":{},"routingInfo":{"type":"Buffer","data":"CAIIDQ=="},"account":{"details":"CM2n1tYEEKXV7ccGGAQgACgA","accountSignatureKey":"NFLutpZkRjDi0hRGzDCZ+zzZb0G4XTBtqd5qoYGb6CI=","accountSignature":"i1AszD5j2Gfz2B7eR/yYqKhkl6lG6dw4z009uH04YSS7p8OT0GPPUWfDoXOXrUlhx9GhSoGhQVJy4dDpDfHwDg==","deviceSignature":"Htf8368Zn2fVtY01uFoxgo6ETtjatrTwdQF8FX6z28t42uE1Csd6WAKlvjf8IbAZI/V6OP2bs5Unluw5Mu9nAQ=="},"me":{"id":"919046630534:68@s.whatsapp.net","lid":"73496050835652:68@lid"},"signalIdentities":[{"identifier":{"name":"919046630534:68@s.whatsapp.net","deviceId":0},"identifierKey":{"type":"Buffer","data":"BTRS7raWZEYw4tIURswwmfs82W9BuF0wbaneaqGBm+gi"}}],"platform":"android","lastAccountSyncTimestamp":1761307309}